분과,질환,subgroup,OddsRatioEst,LowerCL,UpperCL,air,p-value
순환기,심근경색,age650,1.004,0.997,1.011,pm25,
순환기,심근경색,age651,1.002,0.996,1.008,pm25,
순환기,심근경색,sex1,1.005,0.999,1.011,pm25,
순환기,심근경색,sex2,1,0.993,1.007,pm25,
순환기,심근경색,income3,1.003,0.998,1.008,pm25,
순환기,심근경색,income1,1.002,0.988,1.016,pm25,
순환기,심근경색,hyper0,1.003,0.995,1.011,pm25,
순환기,심근경색,hyper1,1.003,0.998,1.008,pm25,
순환기,심근경색,dm0,1.002,0.996,1.008,pm25,
순환기,심근경색,dm1,1.004,0.998,1.011,pm25,
순환기,심근경색,dyslip0,1.002,0.995,1.009,pm25,
순환기,심근경색,dyslip1,1.004,0.998,1.009,pm25,
순환기,심근경색,icode0,0.999,0.991,1.008,pm25,
순환기,심근경색,icode1,1.004,0.999,1.009,pm25,
순환기,심근경색,smk1,1.001,0.993,1.009,pm25,
순환기,심근경색,smk3,0.999,0.991,1.008,pm25,
순환기,심근경색,smk9,1.006,1,1.013,pm25,0.0557
순환기,심근경색,bmi_cat1,0.998,0.988,1.008,pm25,
순환기,심근경색,bmi_cat3,1.002,0.995,1.009,pm25,
순환기,심근경색,bmi_cat9,1.006,0.999,1.012,pm25,
순환기,심근경색,age650,1.002,0.999,1.006,pm10,
순환기,심근경색,age651,1.002,0.999,1.005,pm10,
순환기,심근경색,sex1,1.003,1,1.006,pm10,0.0684
순환기,심근경색,sex2,1.002,0.998,1.005,pm10,
순환기,심근경색,income3,1.002,1,1.004,pm10,0.1069
순환기,심근경색,income1,1.006,0.999,1.013,pm10,
순환기,심근경색,hyper0,1.002,0.998,1.006,pm10,
순환기,심근경색,hyper1,1.003,1,1.005,pm10,0.0572
순환기,심근경색,dm0,1.002,0.999,1.005,pm10,
순환기,심근경색,dm1,1.003,0.999,1.006,pm10,
순환기,심근경색,dyslip0,1.003,0.999,1.006,pm10,
순환기,심근경색,dyslip1,1.002,0.999,1.005,pm10,
순환기,심근경색,icode0,1,0.995,1.004,pm10,
순환기,심근경색,icode1,1.003,1.001,1.006,pm10,
순환기,심근경색,smk1,1.001,0.997,1.005,pm10,
순환기,심근경색,smk3,1,0.995,1.004,pm10,
순환기,심근경색,smk9,1.004,1.001,1.007,pm10,
순환기,심근경색,bmi_cat1,1,0.995,1.006,pm10,
순환기,심근경색,bmi_cat3,1.001,0.997,1.005,pm10,
순환기,심근경색,bmi_cat9,1.004,1.001,1.007,pm10,
순환기,심방세동,age650,1.007,1,1.013,pm25,0.0375
순환기,심방세동,age651,1.008,1.004,1.013,pm25,
순환기,심방세동,sex1,1.004,0.999,1.009,pm25,
순환기,심방세동,sex2,1.012,1.006,1.017,pm25,
순환기,심방세동,income3,1.008,1.004,1.012,pm25,
순환기,심방세동,income1,1.006,0.994,1.019,pm25,
순환기,심방세동,hyper0,1.009,1.003,1.015,pm25,
순환기,심방세동,hyper1,1.007,1.002,1.011,pm25,
순환기,심방세동,dm0,1.004,1,1.009,pm25,0.0565
순환기,심방세동,dm1,1.014,1.008,1.021,pm25,
순환기,심방세동,dyslip0,1.005,1,1.01,pm25,0.0513
순환기,심방세동,dyslip1,1.01,1.005,1.015,pm25,
순환기,심방세동,icode0,1.005,0.997,1.013,pm25,
순환기,심방세동,icode1,1.008,1.004,1.012,pm25,
순환기,심방세동,smk1,1.006,1,1.012,pm25,0.0424
순환기,심방세동,smk3,1.01,1.002,1.017,pm25,
순환기,심방세동,smk9,1.008,1.002,1.014,pm25,
순환기,심방세동,bmi_cat1,1.009,1.001,1.017,pm25,
순환기,심방세동,bmi_cat3,1.007,1.002,1.013,pm25,
순환기,심방세동,bmi_cat9,1.007,1.002,1.013,pm25,
순환기,심방세동,age650,1.005,1.001,1.008,pm10,
순환기,심방세동,age651,1.003,1.001,1.005,pm10,
순환기,심방세동,sex1,1.002,0.999,1.004,pm10,
순환기,심방세동,sex2,1.006,1.003,1.009,pm10,
순환기,심방세동,income3,1.004,1.002,1.006,pm10,
순환기,심방세동,income1,1,0.993,1.006,pm10,
순환기,심방세동,hyper0,1.005,1.002,1.008,pm10,
순환기,심방세동,hyper1,1.003,1,1.005,pm10,0.0426
순환기,심방세동,dm0,1.002,1,1.005,pm10,0.0608
순환기,심방세동,dm1,1.006,1.003,1.01,pm10,
순환기,심방세동,dyslip0,1.002,1,1.005,pm10,0.0894
순환기,심방세동,dyslip1,1.005,1.002,1.008,pm10,
순환기,심방세동,icode0,1.004,1,1.008,pm10,0.0528
순환기,심방세동,icode1,1.003,1.001,1.006,pm10,
순환기,심방세동,smk1,1.004,1,1.007,pm10,0.0287
순환기,심방세동,smk3,1.005,1.001,1.009,pm10,
순환기,심방세동,smk9,1.003,1,1.006,pm10,0.0441
순환기,심방세동,bmi_cat1,1.005,1.001,1.009,pm10,
순환기,심방세동,bmi_cat3,1.004,1.001,1.007,pm10,
순환기,심방세동,bmi_cat9,1.003,1,1.006,pm10,0.068
순환기,뇌혈관질환,age650,0.998,0.994,1.002,pm25,
순환기,뇌혈관질환,age651,1.004,1.001,1.006,pm25,
순환기,뇌혈관질환,sex1,1.001,0.998,1.005,pm25,
순환기,뇌혈관질환,sex2,1.002,0.999,1.005,pm25,
순환기,뇌혈관질환,income3,1.002,1,1.004,pm25,0.0926
순환기,뇌혈관질환,income1,0.999,0.993,1.006,pm25,
순환기,뇌혈관질환,hyper0,1.001,0.998,1.004,pm25,
순환기,뇌혈관질환,hyper1,1.002,0.999,1.005,pm25,
순환기,뇌혈관질환,dm0,1.001,0.998,1.003,pm25,
순환기,뇌혈관질환,dm1,1.004,1,1.007,pm25,0.0511
순환기,뇌혈관질환,dyslip0,1.001,0.998,1.004,pm25,
순환기,뇌혈관질환,dyslip1,1.003,1,1.006,pm25,0.0886
순환기,뇌혈관질환,icode0,0.999,0.995,1.003,pm25,
순환기,뇌혈관질환,icode1,1.003,1,1.006,pm25,0.0232
순환기,뇌혈관질환,smk1,1.006,1.002,1.01,pm25,
순환기,뇌혈관질환,smk3,1,0.995,1.005,pm25,
순환기,뇌혈관질환,smk9,0.999,0.996,1.002,pm25,
순환기,뇌혈관질환,bmi_cat1,1.004,1,1.009,pm25,0.0782
순환기,뇌혈관질환,bmi_cat3,1.004,1.001,1.008,pm25,
순환기,뇌혈관질환,bmi_cat9,0.999,0.995,1.002,pm25,
순환기,뇌혈관질환,age650,1,0.998,1.002,pm10,
순환기,뇌혈관질환,age651,1.003,1.002,1.005,pm10,
순환기,뇌혈관질환,sex1,1.001,1,1.003,pm10,0.111
순환기,뇌혈관질환,sex2,1.003,1.001,1.004,pm10,
순환기,뇌혈관질환,income3,1.002,1.001,1.003,pm10,
순환기,뇌혈관질환,income1,1.002,0.999,1.006,pm10,
순환기,뇌혈관질환,hyper0,1.001,0.999,1.003,pm10,
순환기,뇌혈관질환,hyper1,1.003,1.001,1.004,pm10,
순환기,뇌혈관질환,dm0,1.001,1,1.003,pm10,0.1176
순환기,뇌혈관질환,dm1,1.004,1.002,1.005,pm10,
순환기,뇌혈관질환,dyslip0,1.001,1,1.003,pm10,0.0913
순환기,뇌혈관질환,dyslip1,1.003,1.001,1.004,pm10,
순환기,뇌혈관질환,icode0,0.999,0.997,1.001,pm10,
순환기,뇌혈관질환,icode1,1.003,1.002,1.004,pm10,
순환기,뇌혈관질환,smk1,1.004,1.002,1.006,pm10,
순환기,뇌혈관질환,smk3,1.001,0.998,1.004,pm10,
순환기,뇌혈관질환,smk9,1.001,0.999,1.002,pm10,
순환기,뇌혈관질환,bmi_cat1,1.004,1.001,1.006,pm10,
순환기,뇌혈관질환,bmi_cat3,1.003,1.001,1.005,pm10,
순환기,뇌혈관질환,bmi_cat9,1.001,0.999,1.002,pm10,
순환기,심부전,age650,1.001,0.998,1.005,pm25,
순환기,심부전,age651,1.007,1.004,1.009,pm25,
순환기,심부전,sex1,1.005,1.002,1.008,pm25,
순환기,심부전,sex2,1.004,1.001,1.007,pm25,
순환기,심부전,income3,1.005,1.003,1.008,pm25,
순환기,심부전,income1,0.999,0.992,1.006,pm25,
순환기,심부전,hyper0,1.009,1.004,1.013,pm25,
순환기,심부전,hyper1,1.004,1.001,1.006,pm25,
순환기,심부전,dm0,1.006,1.003,1.009,pm25,
순환기,심부전,dm1,1.003,1,1.007,pm25,0.0816
순환기,심부전,dyslip0,1.004,1.001,1.008,pm25,
순환기,심부전,dyslip1,1.005,1.002,1.008,pm25,
순환기,심부전,icode0,1.006,1.001,1.011,pm25,
순환기,심부전,icode1,1.005,1.002,1.007,pm25,
순환기,심부전,smk1,1.008,1.004,1.011,pm25,
순환기,심부전,smk3,1.004,0.999,1.009,pm25,
순환기,심부전,smk9,1.002,0.999,1.006,pm25,
순환기,심부전,bmi_cat1,1.004,0.999,1.009,pm25,
순환기,심부전,bmi_cat3,1.008,1.004,1.011,pm25,
순환기,심부전,bmi_cat9,1.002,0.999,1.006,pm25,
순환기,심부전,age650,1.001,1,1.003,pm10,0.1412
순환기,심부전,age651,1.004,1.003,1.006,pm10,
순환기,심부전,sex1,1.004,1.002,1.005,pm10,
순환기,심부전,sex2,1.003,1.001,1.005,pm10,
순환기,심부전,income3,1.003,1.002,1.005,pm10,
순환기,심부전,income1,1.002,0.999,1.006,pm10,
순환기,심부전,hyper0,1.004,1.001,1.006,pm10,
순환기,심부전,hyper1,1.003,1.002,1.005,pm10,
순환기,심부전,dm0,1.004,1.002,1.005,pm10,
순환기,심부전,dm1,1.003,1.001,1.005,pm10,
순환기,심부전,dyslip0,1.004,1.002,1.005,pm10,
순환기,심부전,dyslip1,1.003,1.001,1.005,pm10,
순환기,심부전,icode0,1.003,1,1.006,pm10,0.0428
순환기,심부전,icode1,1.003,1.002,1.005,pm10,
순환기,심부전,smk1,1.004,1.003,1.006,pm10,
순환기,심부전,smk3,1.001,0.999,1.004,pm10,
순환기,심부전,smk9,1.003,1.002,1.005,pm10,
순환기,심부전,bmi_cat1,1.003,1.001,1.006,pm10,
순환기,심부전,bmi_cat3,1.003,1.002,1.005,pm10,
순환기,심부전,bmi_cat9,1.003,1.002,1.005,pm10,
순환기,허혈성심질환,age650,1.001,0.997,1.005,pm25,
순환기,허혈성심질환,age651,1.005,1.002,1.009,pm25,
순환기,허혈성심질환,sex1,1.003,0.999,1.006,pm25,
순환기,허혈성심질환,sex2,1.005,1.001,1.009,pm25,
순환기,허혈성심질환,income3,1.003,1,1.006,pm25,0.0287
순환기,허혈성심질환,income1,1.006,0.997,1.015,pm25,
순환기,허혈성심질환,hyper0,1.005,1,1.01,pm25,0.0721
순환기,허혈성심질환,hyper1,1.003,1,1.006,pm25,0.0735
순환기,허혈성심질환,dm0,1.004,1.001,1.008,pm25,
순환기,허혈성심질환,dm1,1.002,0.998,1.007,pm25,
순환기,허혈성심질환,dyslip0,1.003,0.999,1.007,pm25,
순환기,허혈성심질환,dyslip1,1.004,1,1.008,pm25,0.0383
순환기,허혈성심질환,icode0,1.001,0.995,1.007,pm25,
순환기,허혈성심질환,icode1,1.004,1.001,1.007,pm25,
순환기,허혈성심질환,smk1,1.005,1,1.009,pm25,0.0592
순환기,허혈성심질환,smk3,0.999,0.993,1.005,pm25,
순환기,허혈성심질환,smk9,1.005,1.001,1.009,pm25,
순환기,허혈성심질환,bmi_cat1,1.003,0.996,1.009,pm25,
순환기,허혈성심질환,bmi_cat3,1.002,0.998,1.007,pm25,
순환기,허혈성심질환,bmi_cat9,1.005,1.001,1.009,pm25,
순환기,허혈성심질환,age650,1.002,1,1.004,pm10,0.074
순환기,허혈성심질환,age651,1.005,1.003,1.007,pm10,
순환기,허혈성심질환,sex1,1.002,1,1.004,pm10,0.0181
순환기,허혈성심질환,sex2,1.005,1.003,1.007,pm10,
순환기,허혈성심질환,income3,1.004,1.002,1.005,pm10,
순환기,허혈성심질환,income1,1.005,1.001,1.01,pm10,
순환기,허혈성심질환,hyper0,1.004,1.002,1.007,pm10,
순환기,허혈성심질환,hyper1,1.004,1.002,1.005,pm10,
순환기,허혈성심질환,dm0,1.004,1.002,1.006,pm10,
순환기,허혈성심질환,dm1,1.003,1.001,1.005,pm10,
순환기,허혈성심질환,dyslip0,1.004,1.002,1.006,pm10,
순환기,허혈성심질환,dyslip1,1.004,1.002,1.005,pm10,
순환기,허혈성심질환,icode0,1.002,0.999,1.005,pm10,
순환기,허혈성심질환,icode1,1.004,1.003,1.006,pm10,
순환기,허혈성심질환,smk1,1.004,1.001,1.006,pm10,
순환기,허혈성심질환,smk3,1.002,0.998,1.005,pm10,
순환기,허혈성심질환,smk9,1.005,1.003,1.007,pm10,
순환기,허혈성심질환,bmi_cat1,1.003,0.999,1.006,pm10,
순환기,허혈성심질환,bmi_cat3,1.003,1.001,1.005,pm10,
순환기,허혈성심질환,bmi_cat9,1.005,1.003,1.007,pm10,
순환기,말초혈관질환,age650,1.006,1.002,1.01,pm25,
순환기,말초혈관질환,age651,1.007,1.004,1.011,pm25,
순환기,말초혈관질환,sex1,1.006,1.002,1.01,pm25,
순환기,말초혈관질환,sex2,1.007,1.004,1.011,pm25,
순환기,말초혈관질환,income3,1.007,1.004,1.009,pm25,
순환기,말초혈관질환,income1,1.009,1,1.018,pm25,0.0602
순환기,말초혈관질환,hyper0,1.008,1.004,1.013,pm25,
순환기,말초혈관질환,hyper1,1.006,1.003,1.009,pm25,
순환기,말초혈관질환,dm0,1.009,1.006,1.013,pm25,
순환기,말초혈관질환,dm1,1.003,0.999,1.007,pm25,
순환기,말초혈관질환,dyslip0,1.009,1.005,1.013,pm25,
순환기,말초혈관질환,dyslip1,1.006,1.002,1.009,pm25,
순환기,말초혈관질환,icode0,1.006,1,1.012,pm25,0.0423
순환기,말초혈관질환,icode1,1.007,1.004,1.01,pm25,
순환기,말초혈관질환,smk1,1.009,1.005,1.013,pm25,
순환기,말초혈관질환,smk3,1.004,0.999,1.01,pm25,
순환기,말초혈관질환,smk9,1.006,1.002,1.01,pm25,
순환기,말초혈관질환,bmi_cat1,1.006,1.001,1.012,pm25,
순환기,말초혈관질환,bmi_cat3,1.008,1.004,1.011,pm25,
순환기,말초혈관질환,bmi_cat9,1.006,1.002,1.011,pm25,
순환기,말초혈관질환,age650,1.004,1.002,1.006,pm10,
순환기,말초혈관질환,age651,1.005,1.003,1.006,pm10,
순환기,말초혈관질환,sex1,1.003,1.001,1.005,pm10,
순환기,말초혈관질환,sex2,1.005,1.003,1.007,pm10,
순환기,말초혈관질환,income3,1.004,1.003,1.005,pm10,
순환기,말초혈관질환,income1,1.006,1.001,1.01,pm10,
순환기,말초혈관질환,hyper0,1.004,1.002,1.007,pm10,
순환기,말초혈관질환,hyper1,1.004,1.002,1.006,pm10,
순환기,말초혈관질환,dm0,1.005,1.004,1.007,pm10,
순환기,말초혈관질환,dm1,1.002,1,1.005,pm10,0.0286
순환기,말초혈관질환,dyslip0,1.005,1.003,1.007,pm10,
순환기,말초혈관질환,dyslip1,1.004,1.002,1.006,pm10,
순환기,말초혈관질환,icode0,1.003,1,1.006,pm10,0.0978
순환기,말초혈관질환,icode1,1.005,1.003,1.006,pm10,
순환기,말초혈관질환,smk1,1.005,1.003,1.007,pm10,
순환기,말초혈관질환,smk3,1.002,0.999,1.005,pm10,
순환기,말초혈관질환,smk9,1.004,1.002,1.007,pm10,
순환기,말초혈관질환,bmi_cat1,1.004,1.001,1.007,pm10,
순환기,말초혈관질환,bmi_cat3,1.004,1.002,1.006,pm10,
순환기,말초혈관질환,bmi_cat9,1.005,1.002,1.007,pm10,
순환기,병원밖심정지,BMI_CAT1,0.999,0.98,1.018,PM10,
순환기,병원밖심정지,BMI_CAT2,1.007,0.99,1.025,PM10,
순환기,병원밖심정지,BMI_CAT9,1.008,0.998,1.018,PM10,
순환기,병원밖심정지,cereb0,1.005,0.996,1.014,PM10,
순환기,병원밖심정지,cereb1,1.013,0.993,1.034,PM10,
순환기,병원밖심정지,sex1,1.008,0.997,1.018,PM10,
순환기,병원밖심정지,sex2,1.004,0.992,1.017,PM10,
순환기,병원밖심정지,hfail0,1.007,0.998,1.016,PM10,
순환기,병원밖심정지,hfail1,1.001,0.983,1.02,PM10,
순환기,병원밖심정지,ische0,1.007,0.998,1.016,PM10,
순환기,병원밖심정지,ische1,1,0.975,1.025,PM10,
순환기,병원밖심정지,income3,1.004,0.996,1.013,PM10,
순환기,병원밖심정지,income1,1.019,0.996,1.042,PM10,
순환기,병원밖심정지,MI0,1.007,0.999,1.015,PM10,
순환기,병원밖심정지,MI1,0.995,0.962,1.029,PM10,
순환기,병원밖심정지,age650,1.011,0.995,1.027,PM10,
순환기,병원밖심정지,age651,1.005,0.995,1.014,PM10,
순환기,병원밖심정지,periph0,1.006,0.998,1.014,PM10,
순환기,병원밖심정지,periph1,1.015,0.976,1.055,PM10,
순환기,병원밖심정지,smk1,0.997,0.98,1.014,PM10,
순환기,병원밖심정지,smk3,1.014,0.994,1.033,PM10,
순환기,병원밖심정지,smk9,1.007,0.997,1.018,PM10,
순환기,병원밖심정지,ventfib0,1.008,0.999,1.017,PM10,
순환기,병원밖심정지,ventfib1,0.991,0.967,1.016,PM10,
순환기,병원밖심정지,BMI_CAT1,0.997,0.964,1.031,PM25,
순환기,병원밖심정지,BMI_CAT2,1.002,0.969,1.035,PM25,
순환기,병원밖심정지,BMI_CAT9,1.01,0.991,1.03,PM25,
순환기,병원밖심정지,cereb0,1.004,0.988,1.02,PM25,
순환기,병원밖심정지,cereb1,1.018,0.981,1.057,PM25,
순환기,병원밖심정지,sex1,1.01,0.99,1.03,PM25,
순환기,병원밖심정지,sex2,1.002,0.98,1.024,PM25,
순환기,병원밖심정지,hfail0,1.009,0.992,1.025,PM25,
순환기,병원밖심정지,hfail1,0.995,0.962,1.029,PM25,
순환기,병원밖심정지,ische0,1.007,0.992,1.023,PM25,
순환기,병원밖심정지,ische1,0.997,0.953,1.044,PM25,
순환기,병원밖심정지,income3,1.005,0.989,1.021,PM25,
순환기,병원밖심정지,income1,1.013,0.972,1.054,PM25,
순환기,병원밖심정지,MI0,1.007,0.992,1.023,PM25,
순환기,병원밖심정지,MI1,0.985,0.926,1.047,PM25,
순환기,병원밖심정지,age650,1.01,0.979,1.043,PM25,
순환기,병원밖심정지,age651,1.005,0.988,1.022,PM25,
순환기,병원밖심정지,periph0,1.007,0.992,1.022,PM25,
순환기,병원밖심정지,periph1,0.995,0.923,1.072,PM25,
순환기,병원밖심정지,smk1,0.997,0.967,1.029,PM25,
순환기,병원밖심정지,smk3,1.005,0.969,1.042,PM25,
순환기,병원밖심정지,smk9,1.009,0.991,1.029,PM25,
순환기,병원밖심정지,ventfib0,1.008,0.992,1.023,PM25,
순환기,병원밖심정지,ventfib1,0.99,0.944,1.038,PM25,
호흡기,특발성폐섬유화증,angina0,1.013,1,1.026,PM10,0.0439
호흡기,특발성폐섬유화증,angina1,0.995,0.968,1.022,PM10,
호흡기,특발성폐섬유화증,cci<2,0.996,0.974,1.018,PM10,
호흡기,특발성폐섬유화증,cci>=2,1.015,1.002,1.029,PM10,
호흡기,특발성폐섬유화증,sex1,1.015,1.001,1.028,PM10,
호흡기,특발성폐섬유화증,sex2,0.996,0.974,1.019,PM10,
호흡기,특발성폐섬유화증,gerd0,1.009,0.998,1.021,PM10,
호흡기,특발성폐섬유화증,gerd1,1.039,0.924,1.169,PM10,
호흡기,특발성폐섬유화증,CHF0,1.009,0.997,1.022,PM10,
호흡기,특발성폐섬유화증,CHF1,1.013,0.981,1.046,PM10,
호흡기,특발성폐섬유화증,hyper0,1.013,0.998,1.028,PM10,
호흡기,특발성폐섬유화증,hyper1,1.005,0.987,1.024,PM10,
호흡기,특발성폐섬유화증,income3,1.011,0.999,1.023,PM10,
호흡기,특발성폐섬유화증,income1,0.99,0.947,1.036,PM10,
호흡기,특발성폐섬유화증,mi0,1.012,1,1.024,PM10,0.0479
호흡기,특발성폐섬유화증,mi1,0.936,0.871,1.005,PM10,
호흡기,특발성폐섬유화증,age650,0.998,0.974,1.022,PM10,
호흡기,특발성폐섬유화증,age651,1.013,1,1.026,PM10,0.05
호흡기,특발성폐섬유화증,smk1,1.008,0.988,1.028,PM10,
호흡기,특발성폐섬유화증,smk3,1.022,1.004,1.041,PM10,
호흡기,특발성폐섬유화증,smk9,0.994,0.972,1.017,PM10,
호흡기,특발성폐섬유화증,angina0,1.023,0.999,1.047,PM25,
호흡기,특발성폐섬유화증,angina1,0.985,0.937,1.035,PM25,
호흡기,특발성폐섬유화증,cci<2,0.995,0.954,1.037,PM25,
호흡기,특발성폐섬유화증,cci>=2,1.023,0.998,1.049,PM25,
호흡기,특발성폐섬유화증,sex1,1.019,0.994,1.045,PM25,
호흡기,특발성폐섬유화증,sex2,1.007,0.967,1.048,PM25,
호흡기,특발성폐섬유화증,gerd0,1.015,0.994,1.037,PM25,
호흡기,특발성폐섬유화증,gerd1,1.055,0.858,1.298,PM25,
호흡기,특발성폐섬유화증,CHF0,1.016,0.993,1.039,PM25,
호흡기,특발성폐섬유화증,CHF1,1.014,0.956,1.075,PM25,
호흡기,특발성폐섬유화증,hyper0,1.014,0.986,1.043,PM25,
호흡기,특발성폐섬유화증,hyper1,1.018,0.986,1.051,PM25,
호흡기,특발성폐섬유화증,income3,1.016,0.994,1.039,PM25,
호흡기,특발성폐섬유화증,income1,1.009,0.932,1.092,PM25,
호흡기,특발성폐섬유화증,mi0,1.02,0.998,1.042,PM25,
호흡기,특발성폐섬유화증,mi1,0.884,0.783,0.998,PM25,
호흡기,특발성폐섬유화증,age650,0.986,0.943,1.032,PM25,
호흡기,특발성폐섬유화증,age651,1.024,1,1.049,PM25,0.052
호흡기,특발성폐섬유화증,smk1,1.013,0.978,1.05,PM25,
호흡기,특발성폐섬유화증,smk3,1.044,1.009,1.08,PM25,
호흡기,특발성폐섬유화증,smk9,0.979,0.939,1.021,PM25,
호흡기,결핵,angina0,1.002,1,1.005,PM10,0.0926
호흡기,결핵,angina1,1.002,0.994,1.011,PM10,
호흡기,결핵,cci<2,1.002,0.999,1.006,PM10,
호흡기,결핵,cci>=2,1.002,0.999,1.006,PM10,
호흡기,결핵,DM0,1.003,1,1.006,PM10,0.0387
호흡기,결핵,DM1,1,0.995,1.005,PM10,
호흡기,결핵,sex1,1,0.997,1.004,PM10,
호흡기,결핵,sex2,1.005,1.001,1.009,PM10,
호흡기,결핵,CHF0,1.002,0.999,1.004,PM10,
호흡기,결핵,CHF1,1.007,0.997,1.017,PM10,
호흡기,결핵,HIV0,1.002,1,1.005,PM10,0.0857
호흡기,결핵,HIV1,1.067,0.989,1.151,PM10,
호흡기,결핵,hyper0,1.002,0.999,1.005,PM10,
호흡기,결핵,hyper1,1.003,0.998,1.007,PM10,
호흡기,결핵,income3,1.002,1,1.005,PM10,0.0726
호흡기,결핵,income1,1.001,0.993,1.009,PM10,
호흡기,결핵,mi0,1.002,1,1.005,PM10,0.0874
호흡기,결핵,mi1,1.006,0.987,1.025,PM10,
호흡기,결핵,age650,1.001,0.997,1.004,PM10,
호흡기,결핵,age651,1.004,1,1.008,PM10,0.0314
호흡기,결핵,smk1,1.005,1,1.009,PM10,0.04
호흡기,결핵,smk3,0.999,0.993,1.005,PM10,
호흡기,결핵,smk9,1.002,0.999,1.006,PM10,
호흡기,결핵,angina0,1.001,0.996,1.006,PM25,
호흡기,결핵,angina1,1,0.985,1.016,PM25,
호흡기,결핵,cci<2,1.001,0.994,1.008,PM25,
호흡기,결핵,cci>=2,1.001,0.994,1.008,PM25,
호흡기,결핵,DM0,1.003,0.997,1.009,PM25,
호흡기,결핵,DM1,0.995,0.986,1.005,PM25,
호흡기,결핵,sex1,0.999,0.993,1.005,PM25,
호흡기,결핵,sex2,1.004,0.996,1.012,PM25,
호흡기,결핵,CHF0,1,0.995,1.005,PM25,
호흡기,결핵,CHF1,1.02,1.001,1.039,PM25,
호흡기,결핵,HIV0,1.001,0.996,1.006,PM25,
호흡기,결핵,HIV1,1.15,1.007,1.313,PM25,
호흡기,결핵,hyper0,1.001,0.995,1.006,PM25,
호흡기,결핵,hyper1,1.002,0.993,1.011,PM25,
호흡기,결핵,income3,1.001,0.996,1.006,PM25,
호흡기,결핵,income1,0.999,0.983,1.015,PM25,
호흡기,결핵,mi0,1.001,0.996,1.005,PM25,
호흡기,결핵,mi1,1.026,0.989,1.064,PM25,
호흡기,결핵,age650,0.997,0.99,1.003,PM25,
호흡기,결핵,age651,1.006,0.999,1.013,PM25,
호흡기,결핵,smk1,1.005,0.997,1.014,PM25,
호흡기,결핵,smk3,0.994,0.984,1.005,PM25,
호흡기,결핵,smk9,1.001,0.994,1.008,PM25,
호흡기,만성폐쇄성폐질환,angina0,1.002,0.999,1.005,PM10,
호흡기,만성폐쇄성폐질환,angina1,1.003,0.995,1.01,PM10,
호흡기,만성폐쇄성폐질환,asthma0,1.003,1,1.006,PM10,0.0608
호흡기,만성폐쇄성폐질환,asthma1,1,0.996,1.004,PM10,
호흡기,만성폐쇄성폐질환,cci<2,0.996,0.993,1,PM10,0.0517
호흡기,만성폐쇄성폐질환,cci>=2,1.007,1.003,1.01,PM10,
호흡기,만성폐쇄성폐질환,sex1,1.004,1.001,1.007,PM10,
호흡기,만성폐쇄성폐질환,sex2,0.999,0.996,1.003,PM10,
호흡기,만성폐쇄성폐질환,CHF0,1.002,0.999,1.004,PM10,
호흡기,만성폐쇄성폐질환,CHF1,1.006,0.997,1.015,PM10,
호흡기,만성폐쇄성폐질환,hyper0,0.999,0.996,1.002,PM10,
호흡기,만성폐쇄성폐질환,hyper1,1.007,1.003,1.011,PM10,
호흡기,만성폐쇄성폐질환,income3,1.003,1,1.006,PM10,0.0394
호흡기,만성폐쇄성폐질환,income1,0.997,0.991,1.004,PM10,
호흡기,만성폐쇄성폐질환,mi0,1.002,0.999,1.004,PM10,
호흡기,만성폐쇄성폐질환,mi1,1.001,0.983,1.02,PM10,
호흡기,만성폐쇄성폐질환,age650,0.998,0.994,1.003,PM10,
호흡기,만성폐쇄성폐질환,age651,1.003,1,1.006,PM10,0.0248
호흡기,만성폐쇄성폐질환,smk1,1.009,1.004,1.014,PM10,
호흡기,만성폐쇄성폐질환,smk3,1.01,1.004,1.015,PM10,
호흡기,만성폐쇄성폐질환,smk9,0.996,0.993,1,PM10,0.0263
호흡기,만성폐쇄성폐질환,previous TB0,1.002,0.999,1.005,PM10,
호흡기,만성폐쇄성폐질환,previous TB1,1.003,0.995,1.01,PM10,
호흡기,만성폐쇄성폐질환,angina0,1.002,0.996,1.007,PM25,
호흡기,만성폐쇄성폐질환,angina1,1.005,0.991,1.02,PM25,
호흡기,만성폐쇄성폐질환,asthma0,1.004,0.998,1.01,PM25,
호흡기,만성폐쇄성폐질환,asthma1,0.999,0.991,1.007,PM25,
호흡기,만성폐쇄성폐질환,cci<2,0.994,0.987,1.002,PM25,
호흡기,만성폐쇄성폐질환,cci>=2,1.008,1.002,1.015,PM25,
호흡기,만성폐쇄성폐질환,sex1,1.005,0.998,1.012,PM25,
호흡기,만성폐쇄성폐질환,sex2,0.998,0.991,1.006,PM25,
호흡기,만성폐쇄성폐질환,CHF0,1.002,0.997,1.007,PM25,
호흡기,만성폐쇄성폐질환,CHF1,1.005,0.988,1.023,PM25,
호흡기,만성폐쇄성폐질환,hyper0,0.999,0.993,1.006,PM25,
호흡기,만성폐쇄성폐질환,hyper1,1.007,0.998,1.015,PM25,
호흡기,만성폐쇄성폐질환,income3,1.003,0.998,1.009,PM25,
호흡기,만성폐쇄성폐질환,income1,0.994,0.981,1.007,PM25,
호흡기,만성폐쇄성폐질환,mi0,1.002,0.997,1.007,PM25,
호흡기,만성폐쇄성폐질환,mi1,0.999,0.963,1.036,PM25,
호흡기,만성폐쇄성폐질환,age650,0.993,0.983,1.002,PM25,
호흡기,만성폐쇄성폐질환,age651,1.006,1,1.012,PM25,0.0491
호흡기,만성폐쇄성폐질환,smk1,1.013,1.003,1.023,PM25,
호흡기,만성폐쇄성폐질환,smk3,1.016,1.005,1.027,PM25,
호흡기,만성폐쇄성폐질환,smk9,0.991,0.985,0.998,PM25,
호흡기,만성폐쇄성폐질환,previous TB0,1.002,0.997,1.008,PM25,
호흡기,만성폐쇄성폐질환,previous TB1,0.999,0.984,1.014,PM25,
호흡기,천식,angina0,1.005,1.003,1.007,PM10,
호흡기,천식,angina1,1.009,1.003,1.015,PM10,
호흡기,천식,cci<2,1.007,1.004,1.01,PM10,
호흡기,천식,cci>=2,1.005,1.002,1.007,PM10,
호흡기,천식,sex1,1.007,1.004,1.01,PM10,
호흡기,천식,sex2,1.005,1.003,1.008,PM10,
호흡기,천식,CHF0,1.006,1.004,1.008,PM10,
호흡기,천식,CHF1,1.003,0.996,1.01,PM10,
호흡기,천식,hyper0,1.006,1.004,1.008,PM10,
호흡기,천식,hyper1,1.005,1.002,1.008,PM10,
호흡기,천식,income3,1.006,1.004,1.008,PM10,
호흡기,천식,income1,1.006,1,1.012,PM10,0.0638
호흡기,천식,mi0,1.006,1.004,1.008,PM10,
호흡기,천식,mi1,1.014,0.998,1.029,PM10,
호흡기,천식,age650,1.006,1.003,1.008,PM10,
호흡기,천식,age651,1.006,1.004,1.009,PM10,
호흡기,천식,smk1,1.006,1.003,1.009,PM10,
호흡기,천식,smk3,1.003,0.998,1.007,PM10,
호흡기,천식,smk9,1.007,1.004,1.01,PM10,
호흡기,천식,angina0,1.008,1.004,1.012,PM25,
호흡기,천식,angina1,1.013,1.003,1.024,PM25,
호흡기,천식,cci<2,1.011,1.005,1.016,PM25,
호흡기,천식,cci>=2,1.007,1.002,1.012,PM25,
호흡기,천식,sex1,1.01,1.004,1.015,PM25,
호흡기,천식,sex2,1.008,1.003,1.012,PM25,
호흡기,천식,CHF0,1.009,1.005,1.012,PM25,
호흡기,천식,CHF1,1.007,0.994,1.02,PM25,
호흡기,천식,hyper0,1.009,1.005,1.014,PM25,
호흡기,천식,hyper1,1.007,1.001,1.013,PM25,
호흡기,천식,income3,1.008,1.005,1.012,PM25,
호흡기,천식,income1,1.009,0.997,1.021,PM25,
호흡기,천식,mi0,1.008,1.005,1.012,PM25,
호흡기,천식,mi1,1.025,0.997,1.054,PM25,
호흡기,천식,age650,1.006,1.001,1.011,PM25,
호흡기,천식,age651,1.011,1.006,1.016,PM25,
호흡기,천식,smk1,1.009,1.004,1.014,PM25,
호흡기,천식,smk3,1.005,0.997,1.013,PM25,
호흡기,천식,smk9,1.01,1.004,1.016,PM25,
호흡기,기관지확장증,angina0,1.004,1.002,1.006,PM10,
호흡기,기관지확장증,angina1,1.006,1,1.012,PM10,0.0418
호흡기,기관지확장증,cci<2,1.005,1.002,1.007,PM10,
호흡기,기관지확장증,cci>=2,1.004,1.001,1.007,PM10,
호흡기,기관지확장증,copd0,1.004,1.002,1.006,PM10,
호흡기,기관지확장증,copd1,1.02,1.003,1.037,PM10,
호흡기,기관지확장증,sex1,1.004,1.001,1.006,PM10,
호흡기,기관지확장증,sex2,1.005,1.002,1.007,PM10,
호흡기,기관지확장증,gerd0,1.004,1.002,1.006,PM10,
호흡기,기관지확장증,gerd1,1.03,0.997,1.063,PM10,
호흡기,기관지확장증,CHF0,1.004,1.002,1.006,PM10,
호흡기,기관지확장증,CHF1,1.004,0.997,1.012,PM10,
호흡기,기관지확장증,hyper0,1.003,1.001,1.005,PM10,
호흡기,기관지확장증,hyper1,1.007,1.004,1.011,PM10,
호흡기,기관지확장증,income3,1.004,1.002,1.006,PM10,
호흡기,기관지확장증,income1,1.006,0.999,1.013,PM10,
호흡기,기관지확장증,mi0,1.004,1.002,1.006,PM10,
호흡기,기관지확장증,mi1,1.01,0.994,1.025,PM10,
호흡기,기관지확장증,age650,1.003,1,1.006,PM10,0.0211
호흡기,기관지확장증,age651,1.006,1.003,1.008,PM10,
호흡기,기관지확장증,pneumo0,1.004,1.002,1.006,PM10,
호흡기,기관지확장증,pneumo1,1.007,1.001,1.013,PM10,
호흡기,기관지확장증,smk1,1.006,1.003,1.009,PM10,
호흡기,기관지확장증,smk3,1.005,1.001,1.01,PM10,
호흡기,기관지확장증,smk9,1.002,0.999,1.005,PM10,
호흡기,기관지확장증,previous TB0,1.005,1.003,1.007,PM10,
호흡기,기관지확장증,previous TB1,1.002,0.997,1.008,PM10,
호흡기,기관지확장증,angina0,1.008,1.004,1.012,PM25,
호흡기,기관지확장증,angina1,1.015,1.004,1.026,PM25,
호흡기,기관지확장증,cci<2,1.008,1.003,1.013,PM25,
호흡기,기관지확장증,cci>=2,1.009,1.004,1.014,PM25,
호흡기,기관지확장증,copd0,1.009,1.005,1.012,PM25,
호흡기,기관지확장증,copd1,1.007,0.974,1.04,PM25,
호흡기,기관지확장증,sex1,1.005,1,1.01,PM25,0.0523
호흡기,기관지확장증,sex2,1.012,1.007,1.017,PM25,
호흡기,기관지확장증,gerd0,1.009,1.005,1.012,PM25,
호흡기,기관지확장증,gerd1,1.018,0.959,1.081,PM25,
호흡기,기관지확장증,CHF0,1.008,1.005,1.012,PM25,
호흡기,기관지확장증,CHF1,1.013,0.999,1.027,PM25,
호흡기,기관지확장증,hyper0,1.006,1.001,1.01,PM25,
호흡기,기관지확장증,hyper1,1.015,1.009,1.021,PM25,
호흡기,기관지확장증,income3,1.008,1.005,1.012,PM25,
호흡기,기관지확장증,income1,1.013,1,1.027,PM25,0.0472
호흡기,기관지확장증,mi0,1.009,1.005,1.012,PM25,
호흡기,기관지확장증,mi1,1.01,0.981,1.039,PM25,
호흡기,기관지확장증,age650,1.007,1.002,1.012,PM25,
호흡기,기관지확장증,age651,1.01,1.005,1.015,PM25,
호흡기,기관지확장증,pneumo0,1.008,1.005,1.012,PM25,
호흡기,기관지확장증,pneumo1,1.01,1,1.021,PM25,0.0492
호흡기,기관지확장증,smk1,1.012,1.007,1.017,PM25,
호흡기,기관지확장증,smk3,1.008,1,1.016,PM25,0.0398
호흡기,기관지확장증,smk9,1.005,0.999,1.011,PM25,
호흡기,기관지확장증,previous TB0,1.009,1.005,1.013,PM25,
호흡기,기관지확장증,previous TB1,1.006,0.995,1.016,PM25,
호흡기,비결핵성항상균감염,angina0,1.004,0.992,1.016,PM10,
호흡기,비결핵성항상균감염,angina1,1.013,0.981,1.046,PM10,
호흡기,비결핵성항상균감염,BE0,1.005,0.991,1.019,PM10,
호흡기,비결핵성항상균감염,BE1,1.005,0.988,1.023,PM10,
호흡기,비결핵성항상균감염,cci<2,1.012,0.993,1.031,PM10,
호흡기,비결핵성항상균감염,cci>=2,1.001,0.988,1.015,PM10,
호흡기,비결핵성항상균감염,copd0,1.006,0.995,1.017,PM10,
호흡기,비결핵성항상균감염,copd1,0.959,0.888,1.037,PM10,
호흡기,비결핵성항상균감염,sex1,1.002,0.984,1.019,PM10,
호흡기,비결핵성항상균감염,sex2,1.007,0.993,1.021,PM10,
호흡기,비결핵성항상균감염,gerd0,1.004,0.994,1.016,PM10,
호흡기,비결핵성항상균감염,gerd1,1.031,0.948,1.121,PM10,
호흡기,비결핵성항상균감염,CHF0,1.005,0.994,1.017,PM10,
호흡기,비결핵성항상균감염,CHF1,0.996,0.957,1.037,PM10,
호흡기,비결핵성항상균감염,hyper0,1.008,0.995,1.02,PM10,
호흡기,비결핵성항상균감염,hyper1,0.997,0.976,1.019,PM10,
호흡기,비결핵성항상균감염,income3,1.003,0.992,1.015,PM10,
호흡기,비결핵성항상균감염,income1,1.033,0.988,1.079,PM10,
호흡기,비결핵성항상균감염,mi0,1.005,0.994,1.016,PM10,
호흡기,비결핵성항상균감염,mi1,1.014,0.93,1.105,PM10,
호흡기,비결핵성항상균감염,age650,1.006,0.988,1.025,PM10,
호흡기,비결핵성항상균감염,age651,1.004,0.99,1.018,PM10,
호흡기,비결핵성항상균감염,smk1,1.01,0.996,1.024,PM10,
호흡기,비결핵성항상균감염,smk3,0.996,0.971,1.022,PM10,
호흡기,비결핵성항상균감염,smk9,0.998,0.974,1.022,PM10,
호흡기,비결핵성항상균감염,angina0,0.993,0.975,1.012,PM25,
호흡기,비결핵성항상균감염,angina1,1.004,0.951,1.06,PM25,
호흡기,비결핵성항상균감염,BE0,0.996,0.974,1.02,PM25,
호흡기,비결핵성항상균감염,BE1,0.993,0.966,1.021,PM25,
호흡기,비결핵성항상균감염,cci<2,0.996,0.966,1.027,PM25,
호흡기,비결핵성항상균감염,cci>=2,0.994,0.972,1.016,PM25,
호흡기,비결핵성항상균감염,copd0,0.996,0.978,1.014,PM25,
호흡기,비결핵성항상균감염,copd1,0.938,0.83,1.06,PM25,
호흡기,비결핵성항상균감염,sex1,0.987,0.959,1.016,PM25,
호흡기,비결핵성항상균감염,sex2,1,0.977,1.023,PM25,
호흡기,비결핵성항상균감염,gerd0,0.994,0.976,1.011,PM25,
호흡기,비결핵성항상균감염,gerd1,1.118,0.942,1.327,PM25,
호흡기,비결핵성항상균감염,CHF0,0.997,0.978,1.015,PM25,
호흡기,비결핵성항상균감염,CHF1,0.968,0.906,1.036,PM25,
호흡기,비결핵성항상균감염,hyper0,1,0.979,1.021,PM25,
호흡기,비결핵성항상균감염,hyper1,0.981,0.948,1.015,PM25,
호흡기,비결핵성항상균감염,income3,0.992,0.974,1.01,PM25,
호흡기,비결핵성항상균감염,income1,1.04,0.966,1.12,PM25,
호흡기,비결핵성항상균감염,mi0,0.995,0.978,1.014,PM25,
호흡기,비결핵성항상균감염,mi1,0.94,0.812,1.087,PM25,
호흡기,비결핵성항상균감염,age650,1.011,0.982,1.041,PM25,
호흡기,비결핵성항상균감염,age651,0.985,0.963,1.007,PM25,
호흡기,비결핵성항상균감염,smk1,0.998,0.976,1.022,PM25,
호흡기,비결핵성항상균감염,smk3,0.981,0.94,1.023,PM25,
호흡기,비결핵성항상균감염,smk9,0.994,0.958,1.033,PM25,
호흡기,알레르기 질환,angina0,1.002,1.002,1.003,PM10,
호흡기,알레르기 질환,angina1,1.007,1.004,1.009,PM10,
호흡기,알레르기 질환,cci<2,1.002,1.001,1.003,PM10,
호흡기,알레르기 질환,cci>=2,1.003,1.002,1.004,PM10,
호흡기,알레르기 질환,sex1,1.002,1.001,1.003,PM10,
호흡기,알레르기 질환,sex2,1.002,1.002,1.003,PM10,
호흡기,알레르기 질환,CHF0,1.002,1.002,1.003,PM10,
호흡기,알레르기 질환,CHF1,1.003,0.999,1.007,PM10,
호흡기,알레르기 질환,hyper0,1.002,1.002,1.003,PM10,
호흡기,알레르기 질환,hyper1,1.003,1.002,1.005,PM10,
호흡기,알레르기 질환,income3,1.002,1.002,1.003,PM10,
호흡기,알레르기 질환,income1,1.004,1.001,1.007,PM10,
호흡기,알레르기 질환,mi0,1.002,1.002,1.003,PM10,
호흡기,알레르기 질환,mi1,1.01,1.002,1.017,PM10,
호흡기,알레르기 질환,age650,1.002,1.001,1.003,PM10,
호흡기,알레르기 질환,age651,1.004,1.003,1.005,PM10,
호흡기,알레르기 질환,smk1,1.004,1.003,1.005,PM10,
호흡기,알레르기 질환,smk3,1.003,1.002,1.005,PM10,
호흡기,알레르기 질환,smk9,1.001,1,1.002,PM10,0.0194
호흡기,알레르기 질환,angina0,1.004,1.003,1.005,PM25,
호흡기,알레르기 질환,angina1,1.01,1.005,1.016,PM25,
호흡기,알레르기 질환,cci<2,1.004,1.003,1.006,PM25,
호흡기,알레르기 질환,cci>=2,1.005,1.002,1.007,PM25,
호흡기,알레르기 질환,sex1,1.004,1.002,1.006,PM25,
호흡기,알레르기 질환,sex2,1.005,1.003,1.006,PM25,
호흡기,알레르기 질환,CHF0,1.004,1.003,1.006,PM25,
호흡기,알레르기 질환,CHF1,1.003,0.995,1.011,PM25,
호흡기,알레르기 질환,hyper0,1.004,1.003,1.006,PM25,
호흡기,알레르기 질환,hyper1,1.004,1.001,1.008,PM25,
호흡기,알레르기 질환,income3,1.004,1.003,1.005,PM25,
호흡기,알레르기 질환,income1,1.008,1.002,1.013,PM25,
호흡기,알레르기 질환,mi0,1.004,1.003,1.005,PM25,
호흡기,알레르기 질환,mi1,1.022,1.007,1.037,PM25,
호흡기,알레르기 질환,age650,1.003,1.002,1.005,PM25,
호흡기,알레르기 질환,age651,1.007,1.004,1.009,PM25,
호흡기,알레르기 질환,smk1,1.008,1.006,1.01,PM25,
호흡기,알레르기 질환,smk3,1.004,1.001,1.007,PM25,
호흡기,알레르기 질환,smk9,1.001,0.999,1.003,PM25,
호흡기,간질성폐질환,BMI_CAT1,1.009,1.001,1.017,PM10,
호흡기,간질성폐질환,BMI_CAT2,1.002,0.996,1.008,PM10,
호흡기,간질성폐질환,BMI_CAT9,1.006,0.999,1.013,PM10,
호흡기,간질성폐질환,DM0,1.004,0.999,1.009,PM10,
호흡기,간질성폐질환,DM1,1.009,1.001,1.016,PM10,
호흡기,간질성폐질환,sex1,1.007,1.001,1.012,PM10,
호흡기,간질성폐질환,sex2,1.003,0.997,1.009,PM10,
호흡기,간질성폐질환,hyper0,1.003,0.998,1.008,PM10,
호흡기,간질성폐질환,hyper1,1.009,1.002,1.015,PM10,
호흡기,간질성폐질환,income3,1.004,1,1.008,PM10,0.0462
호흡기,간질성폐질환,income1,1.016,1.002,1.03,PM10,
호흡기,간질성폐질환,age650,1.002,0.995,1.008,PM10,
호흡기,간질성폐질환,age651,1.007,1.002,1.012,PM10,
호흡기,간질성폐질환,smk1,1.004,0.998,1.011,PM10,
호흡기,간질성폐질환,smk3,1.005,0.998,1.013,PM10,
호흡기,간질성폐질환,smk9,1.006,1,1.013,PM10,0.0673
호흡기,간질성폐질환,BMI_CAT1,1.01,0.996,1.025,PM25,
호흡기,간질성폐질환,BMI_CAT2,0.996,0.985,1.008,PM25,
호흡기,간질성폐질환,BMI_CAT9,1.015,1.002,1.029,PM25,
호흡기,간질성폐질환,DM0,1.003,0.994,1.012,PM25,
호흡기,간질성폐질환,DM1,1.014,1,1.028,PM25,0.0509
호흡기,간질성폐질환,sex1,1.007,0.997,1.017,PM25,
호흡기,간질성폐질환,sex2,1.004,0.992,1.016,PM25,
호흡기,간질성폐질환,hyper0,1.007,0.997,1.016,PM25,
호흡기,간질성폐질환,hyper1,1.005,0.993,1.017,PM25,
호흡기,간질성폐질환,income3,1.003,0.995,1.011,PM25,
호흡기,간질성폐질환,income1,1.039,1.01,1.067,PM25,
호흡기,간질성폐질환,age650,1.001,0.989,1.013,PM25,
호흡기,간질성폐질환,age651,1.009,0.999,1.018,PM25,
호흡기,간질성폐질환,smk1,1.003,0.991,1.015,PM25,
호흡기,간질성폐질환,smk3,1,0.986,1.014,PM25,
호흡기,간질성폐질환,smk9,1.015,1.001,1.029,PM25,
정신질환,우울증,fcode0,1.004,1.003,1.005,PM10,
정신질환,우울증,fcode1,1.002,1,1.003,PM10,0.02
정신질환,우울증,sex2,1.004,1.003,1.005,PM10,
정신질환,우울증,sex1,1.002,1,1.003,PM10,0.0196
정신질환,우울증,income1,1.001,0.998,1.004,PM10,
정신질환,우울증,income3,1.003,1.002,1.004,PM10,
정신질환,우울증,age651,1.002,1,1.003,PM10,0.0089
정신질환,우울증,age650,1.004,1.003,1.005,PM10,
정신질환,우울증,fcode0,1.007,1.005,1.01,PM25,
정신질환,우울증,fcode1,1.003,1,1.006,PM25,0.0585
정신질환,우울증,sex2,1.007,1.005,1.009,PM25,
정신질환,우울증,sex1,1.003,1,1.006,PM25,0.0267
정신질환,우울증,income1,1.003,0.996,1.009,PM25,
정신질환,우울증,income3,1.006,1.004,1.008,PM25,
정신질환,우울증,age651,1.003,1.001,1.006,PM25,
정신질환,우울증,age650,1.007,1.005,1.009,PM25,
정신질환,공황발작,fcode0,1.005,1.001,1.008,PM10,
정신질환,공황발작,fcode1,1.005,1.002,1.008,PM10,
정신질환,공황발작,sex2,1.005,1.002,1.007,PM10,
정신질환,공황발작,sex1,1.005,1.002,1.009,PM10,
정신질환,공황발작,income1,1,0.992,1.008,PM10,
정신질환,공황발작,income3,1.005,1.003,1.008,PM10,
정신질환,공황발작,age651,1.005,1.002,1.009,PM10,
정신질환,공황발작,age650,1.005,1.002,1.007,PM10,
정신질환,공황발작,fcode0,1.008,1.002,1.014,PM25,
정신질환,공황발작,fcode1,1.008,1.003,1.013,PM25,
정신질환,공황발작,sex2,1.008,1.003,1.014,PM25,
정신질환,공황발작,sex1,1.008,1.002,1.014,PM25,
정신질환,공황발작,income1,1.008,0.994,1.023,PM25,
정신질환,공황발작,income3,1.008,1.004,1.012,PM25,
정신질환,공황발작,age651,1.009,1.002,1.016,PM25,
정신질환,공황발작,age650,1.008,1.003,1.013,PM25,
정신질환,양극성장애,fcode0,1.001,0.996,1.006,PM10,
정신질환,양극성장애,fcode1,1.003,1,1.006,PM10,0.0232
정신질환,양극성장애,sex2,1.003,1,1.007,PM10,0.0499
정신질환,양극성장애,sex1,1.002,0.998,1.006,PM10,
정신질환,양극성장애,income1,0.997,0.99,1.003,PM10,
정신질환,양극성장애,income3,1.004,1.001,1.007,PM10,
정신질환,양극성장애,age651,1.003,1,1.007,PM10,0.0771
정신질환,양극성장애,age650,1.003,0.999,1.006,PM10,
정신질환,양극성장애,fcode0,1.009,0.999,1.019,PM25,
정신질환,양극성장애,fcode1,1.006,1.001,1.011,PM25,
정신질환,양극성장애,sex2,1.009,1.003,1.015,PM25,
정신질환,양극성장애,sex1,1.004,0.997,1.011,PM25,
정신질환,양극성장애,income1,1.003,0.991,1.015,PM25,
정신질환,양극성장애,income3,1.007,1.002,1.012,PM25,
정신질환,양극성장애,age651,1.006,0.999,1.012,PM25,
정신질환,양극성장애,age650,1.008,1.001,1.014,PM25,
정신질환,자해,fcode0,1.014,1.003,1.025,PM10,
정신질환,자해,fcode1,1.009,0.994,1.024,PM10,
정신질환,자해,sex2,1,0.987,1.013,PM10,
정신질환,자해,sex1,1.022,1.01,1.034,PM10,
정신질환,자해,income1,0.985,0.955,1.016,PM10,
정신질환,자해,income3,1.015,1.005,1.024,PM10,
정신질환,자해,age651,1.017,1.002,1.033,PM10,
정신질환,자해,age650,1.01,0.999,1.02,PM10,
정신질환,자해,fcode0,1.033,1.012,1.054,PM25,
정신질환,자해,fcode1,1.013,0.985,1.041,PM25,
정신질환,자해,sex2,1.011,0.986,1.037,PM25,
정신질환,자해,sex1,1.036,1.014,1.059,PM25,
정신질환,자해,income1,0.989,0.935,1.047,PM25,
정신질환,자해,income3,1.029,1.011,1.047,PM25,
정신질환,자해,age651,1.026,0.998,1.056,PM25,
정신질환,자해,age650,1.025,1.004,1.046,PM25,
신경계,혈관성치매,sex2,1.002,0.999,1.005,PM10,
신경계,혈관성치매,sex1,1.001,0.997,1.005,PM10,
신경계,혈관성치매,income1,1.001,0.995,1.006,PM10,
신경계,혈관성치매,income3,1.002,0.999,1.004,PM10,
신경계,혈관성치매,age651,1.003,1,1.005,PM10,0.028
신경계,혈관성치매,age650,0.994,0.989,1,PM10,
신경계,혈관성치매,h_stroke0,1.002,1,1.005,PM10,0.0613
신경계,혈관성치매,h_stroke1,0.996,0.99,1.002,PM10,
신경계,혈관성치매,h_ich0,1.002,0.999,1.004,PM10,
신경계,혈관성치매,h_ich1,0.998,0.991,1.005,PM10,
신경계,혈관성치매,h_hrr0,1.002,1,1.004,PM10,0.1135
신경계,혈관성치매,h_hrr1,0.992,0.981,1.003,PM10,
신경계,혈관성치매,h_stroke0,1.002,1,1.005,pm10,0.0538
신경계,혈관성치매,h_stroke1,0.996,0.99,1.002,pm10,
신경계,혈관성치매,h_ich0,1.002,0.999,1.004,pm10,
신경계,혈관성치매,h_ich1,0.998,0.991,1.005,pm10,
신경계,혈관성치매,h_hrr0,1.002,1,1.004,pm10,0.0899
신경계,혈관성치매,h_hrr1,0.99,0.979,1,pm10,
신경계,혈관성치매,sex2,1.001,0.996,1.006,PM25,
신경계,혈관성치매,sex1,1,0.993,1.006,PM25,
신경계,혈관성치매,income1,0.994,0.983,1.005,PM25,
신경계,혈관성치매,income3,1.001,0.997,1.006,PM25,
신경계,혈관성치매,age651,1.002,0.998,1.007,PM25,
신경계,혈관성치매,age650,0.991,0.981,1.002,PM25,
신경계,혈관성치매,h_stroke0,1.002,0.998,1.006,PM25,
신경계,혈관성치매,h_stroke1,0.991,0.98,1.002,PM25,
신경계,혈관성치매,h_ich0,1.001,0.997,1.005,PM25,
신경계,혈관성치매,h_ich1,0.997,0.984,1.01,PM25,
신경계,혈관성치매,h_hrr0,1.001,0.997,1.006,PM25,
신경계,혈관성치매,h_hrr1,0.979,0.96,0.998,PM25,
신경계,혈관성치매,h_stroke0,1.002,0.998,1.007,PM25,
신경계,혈관성치매,h_stroke1,0.99,0.979,1.001,PM25,
신경계,혈관성치매,h_ich0,1.001,0.997,1.005,PM25,
신경계,혈관성치매,h_ich1,0.997,0.984,1.01,PM25,
신경계,혈관성치매,h_hrr0,1.002,0.998,1.006,PM25,
신경계,혈관성치매,h_hrr1,0.973,0.954,0.991,PM25,
피부,건선,psa0,1.004,1,1.007,PM10,0.0392
피부,건선,psa1,0.939,0.866,1.018,PM10,
피부,건선,ALLERGY0,1.003,0.999,1.007,PM10,
피부,건선,ALLERGY1,1.007,0.997,1.016,PM10,
피부,건선,autoimm0,1.003,1,1.007,PM10,0.0678
피부,건선,autoimm1,1.065,1.013,1.121,PM10,
피부,건선,BMI_CAT1,0.998,0.99,1.006,PM10,
피부,건선,BMI_CAT2,1.004,0.998,1.01,PM10,
피부,건선,BMI_CAT9,1.006,1,1.011,PM10,0.0333
피부,건선,cancer0,1.003,1,1.007,PM10,0.0872
피부,건선,cancer1,1.021,0.999,1.043,PM10,
피부,건선,sex2,1.004,0.999,1.009,PM10,
피부,건선,sex1,1.003,0.999,1.008,PM10,
피부,건선,income1,0.999,0.985,1.014,PM10,
피부,건선,income3,1.004,1,1.007,PM10,0.039
피부,건선,age650,1.003,0.999,1.007,PM10,
피부,건선,age651,1.004,0.997,1.011,PM10,
피부,건선,smk1,1,0.994,1.007,PM10,
피부,건선,smk3,1.004,0.997,1.011,PM10,
피부,건선,smk9,1.006,1,1.011,PM10,0.0361
피부,건선,psa0,1.005,0.998,1.012,PM25,
피부,건선,psa1,0.92,0.795,1.066,PM25,
피부,건선,ALLERGY0,1.004,0.997,1.012,PM25,
피부,건선,ALLERGY1,1.008,0.989,1.027,PM25,
피부,건선,autoimm0,1.004,0.998,1.011,PM25,
피부,건선,autoimm1,1.082,0.991,1.182,PM25,
피부,건선,BMI_CAT1,1.001,0.986,1.016,PM25,
피부,건선,BMI_CAT2,1.002,0.991,1.013,PM25,
피부,건선,BMI_CAT9,1.009,0.999,1.02,PM25,
피부,건선,cancer0,1.004,0.997,1.011,PM25,
피부,건선,cancer1,1.033,0.991,1.078,PM25,
피부,건선,sex2,1.008,0.997,1.018,PM25,
피부,건선,sex1,1.003,0.994,1.012,PM25,
피부,건선,income1,1.001,0.973,1.03,PM25,
피부,건선,income3,1.005,0.998,1.012,PM25,
피부,건선,age650,1.004,0.996,1.012,PM25,
피부,건선,age651,1.008,0.995,1.021,PM25,
피부,건선,smk1,0.997,0.985,1.009,PM25,
피부,건선,smk3,1.007,0.994,1.02,PM25,
피부,건선,smk9,1.01,0.999,1.02,PM25,
피부,주사,age650,1.032,1.003,1.062,PM25,
피부,주사,age651,0.999,0.911,1.095,PM25,
피부,주사,sex1,1.037,0.995,1.082,PM25,
피부,주사,sex2,1.023,0.987,1.06,PM25,
피부,주사,income3 ,1.03,1.001,1.058,PM25,
피부,주사,income1,1.015,0.867,1.188,PM25,
피부,주사,smk1,1.008,0.963,1.056,PM25,
피부,주사,smk3,0.992,0.928,1.061,PM25,
피부,주사,smk9,1.058,1.017,1.1,PM25,
피부,주사,BMI_CAT1,1.028,0.975,1.084,PM25,
피부,주사,BMI_CAT2,0.994,0.943,1.047,PM25,
피부,주사,BMI_CAT9,1.05,1.009,1.093,PM25,
피부,주사,age650,1.015,1,1.029,PM10,0.0484
피부,주사,age651,1.001,0.953,1.051,PM10,
피부,주사,sex1,1.019,0.998,1.04,PM10,
피부,주사,sex2,1.009,0.99,1.028,PM10,
피부,주사,income3 ,1.014,1,1.028,PM10,0.0509
피부,주사,income1,0.995,0.923,1.073,PM10,
피부,주사,smk1,1.009,0.985,1.035,PM10,
피부,주사,smk3,0.998,0.966,1.031,PM10,
피부,주사,smk9,1.022,1.002,1.042,PM10,
피부,주사,BMI_CAT1,1.019,0.992,1.047,PM10,
피부,주사,BMI_CAT2,1,0.973,1.027,PM10,
피부,주사,BMI_CAT9,1.018,0.998,1.038,PM10,
류마티스,쇼그렌증후군,BMI_CAT1,0.996,0.971,1.022,PM10,
류마티스,쇼그렌증후군,BMI_CAT2,0.991,0.966,1.018,PM10,
류마티스,쇼그렌증후군,BMI_CAT9,0.975,0.951,1,PM10,
류마티스,쇼그렌증후군,chr_kid0,0.988,0.973,1.003,PM10,
류마티스,쇼그렌증후군,chr_kid1,0.977,0.899,1.061,PM10,
류마티스,쇼그렌증후군,DM0,0.99,0.974,1.007,PM10,
류마티스,쇼그렌증후군,DM1,0.974,0.941,1.009,PM10,
류마티스,쇼그렌증후군,sex1,0.981,0.937,1.028,PM10,
류마티스,쇼그렌증후군,sex2,0.988,0.972,1.003,PM10,
류마티스,쇼그렌증후군,hyper0,0.988,0.971,1.005,PM10,
류마티스,쇼그렌증후군,hyper1,0.985,0.954,1.017,PM10,
류마티스,쇼그렌증후군,hyper_thy0,0.986,0.972,1.001,PM10,
류마티스,쇼그렌증후군,hyper_thy1,1.015,0.927,1.11,PM10,
류마티스,쇼그렌증후군,hypo_thy0,0.989,0.973,1.004,PM10,
류마티스,쇼그렌증후군,hypo_thy1,0.972,0.924,1.022,PM10,
류마티스,쇼그렌증후군,copd0,0.988,0.973,1.003,PM10,
류마티스,쇼그렌증후군,copd1,0.851,0.642,1.127,PM10,
류마티스,쇼그렌증후군,ILD0,0.99,0.975,1.005,PM10,
류마티스,쇼그렌증후군,ILD1,0.923,0.857,0.995,PM10,
류마티스,쇼그렌증후군,liver0,0.992,0.975,1.009,PM10,
류마티스,쇼그렌증후군,liver1,0.974,0.946,1.003,PM10,
류마티스,쇼그렌증후군,income3,0.989,0.974,1.004,PM10,
류마티스,쇼그렌증후군,income1,0.969,0.916,1.025,PM10,
류마티스,쇼그렌증후군,nhodg0,0.987,0.972,1.002,PM10,
류마티스,쇼그렌증후군,nhodg1,1.088,0.82,1.444,PM10,
류마티스,쇼그렌증후군,age650,0.992,0.975,1.01,PM10,
류마티스,쇼그렌증후군,age651,0.975,0.949,1.003,PM10,
류마티스,쇼그렌증후군,renal_tub0,0.987,0.973,1.002,PM10,
류마티스,쇼그렌증후군,renal_tub1,0.954,0.731,1.245,PM10,
류마티스,쇼그렌증후군,smk1,0.995,0.976,1.015,PM10,
류마티스,쇼그렌증후군,smk3,0.948,0.886,1.014,PM10,
류마티스,쇼그렌증후군,smk9,0.98,0.956,1.005,PM10,
류마티스,쇼그렌증후군,BMI_CAT1,0.993,0.948,1.04,PM25,
류마티스,쇼그렌증후군,BMI_CAT2,0.985,0.938,1.034,PM25,
류마티스,쇼그렌증후군,BMI_CAT9,0.949,0.902,0.998,PM25,
류마티스,쇼그렌증후군,chr_kid0,0.977,0.949,1.005,PM25,
류마티스,쇼그렌증후군,chr_kid1,0.966,0.829,1.124,PM25,
류마티스,쇼그렌증후군,DM0,0.979,0.949,1.01,PM25,
류마티스,쇼그렌증후군,DM1,0.965,0.904,1.03,PM25,
류마티스,쇼그렌증후군,sex1,0.939,0.864,1.02,PM25,
류마티스,쇼그렌증후군,sex2,0.981,0.952,1.011,PM25,
류마티스,쇼그렌증후군,hyper0,0.981,0.95,1.012,PM25,
류마티스,쇼그렌증후군,hyper1,0.961,0.905,1.02,PM25,
류마티스,쇼그렌증후군,hyper_thy0,0.976,0.948,1.004,PM25,
류마티스,쇼그렌증후군,hyper_thy1,1.006,0.851,1.189,PM25,
류마티스,쇼그렌증후군,hypo_thy0,0.976,0.948,1.005,PM25,
류마티스,쇼그렌증후군,hypo_thy1,0.978,0.894,1.069,PM25,
류마티스,쇼그렌증후군,copd0,0.977,0.95,1.005,PM25,
류마티스,쇼그렌증후군,copd1,0.783,0.471,1.302,PM25,
류마티스,쇼그렌증후군,ILD0,0.981,0.953,1.009,PM25,
류마티스,쇼그렌증후군,ILD1,0.892,0.782,1.017,PM25,
류마티스,쇼그렌증후군,liver0,0.984,0.951,1.017,PM25,
류마티스,쇼그렌증후군,liver1,0.959,0.91,1.01,PM25,
류마티스,쇼그렌증후군,income3,0.977,0.949,1.006,PM25,
류마티스,쇼그렌증후군,income1,0.976,0.884,1.076,PM25,
류마티스,쇼그렌증후군,nhodg0,0.976,0.949,1.004,PM25,
류마티스,쇼그렌증후군,nhodg1,1.061,0.623,1.808,PM25,
류마티스,쇼그렌증후군,age650,0.994,0.961,1.028,PM25,
류마티스,쇼그렌증후군,age651,0.939,0.894,0.988,PM25,
류마티스,쇼그렌증후군,renal_tub0,0.977,0.95,1.004,PM25,
류마티스,쇼그렌증후군,renal_tub1,0.849,0.483,1.493,PM25,
류마티스,쇼그렌증후군,smk1,0.993,0.959,1.029,PM25,
류마티스,쇼그렌증후군,smk3,0.925,0.828,1.034,PM25,
류마티스,쇼그렌증후군,smk9,0.955,0.909,1.004,PM25,
이비인후,만성부비동염,sex2,1.003,1.001,1.004,PM10,
이비인후,만성부비동염,sex1,1.003,1.001,1.004,PM10,
이비인후,만성부비동염,income1,1.003,0.997,1.009,PM10,
이비인후,만성부비동염,income3,1.003,1.002,1.004,PM10,
이비인후,만성부비동염,age651,1.004,1.001,1.007,PM10,
이비인후,만성부비동염,age650,1.002,1.001,1.004,PM10,
이비인후,만성부비동염,sex2,1.007,1.004,1.01,PM25,
이비인후,만성부비동염,sex1,1.005,1.002,1.009,PM25,
이비인후,만성부비동염,income1,1.01,0.998,1.022,PM25,
이비인후,만성부비동염,income3,1.006,1.004,1.008,PM25,
이비인후,만성부비동염,age651,1.009,1.003,1.014,PM25,
이비인후,만성부비동염,age650,1.006,1.003,1.008,PM25,
이비인후,알레르기성비염,sex2,1.005,1.004,1.006,PM10,
이비인후,알레르기성비염,sex1,1.003,1.001,1.004,PM10,
이비인후,알레르기성비염,income1,1.001,0.998,1.005,PM10,
이비인후,알레르기성비염,income3,1.004,1.003,1.005,PM10,
이비인후,알레르기성비염,age651,1.006,1.005,1.008,PM10,
이비인후,알레르기성비염,age650,1.003,1.002,1.004,PM10,
이비인후,알레르기성비염,atopi0,1.004,1.003,1.005,PM10,
이비인후,알레르기성비염,atopi1,1.003,0.997,1.01,PM10,
이비인후,알레르기성비염,asthma0,1.004,1.003,1.005,PM10,
이비인후,알레르기성비염,asthma1,1.002,1,1.004,PM10,0.0903
이비인후,알레르기성비염,sex2,1.008,1.005,1.01,PM25,
이비인후,알레르기성비염,sex1,1.004,1.001,1.006,PM25,
이비인후,알레르기성비염,income1,0.999,0.992,1.005,PM25,
이비인후,알레르기성비염,income3,1.006,1.005,1.008,PM25,
이비인후,알레르기성비염,age651,1.006,1.003,1.009,PM25,
이비인후,알레르기성비염,age650,1.006,1.004,1.008,PM25,
이비인후,알레르기성비염,atopi0,1.006,1.004,1.007,PM25,
이비인후,알레르기성비염,atopi1,1.007,0.994,1.02,PM25,
이비인후,알레르기성비염,asthma0,1.007,1.005,1.009,PM25,
이비인후,알레르기성비염,asthma1,0.999,0.995,1.003,PM25,
신장,전체신장질환,BMI_CAT1,1.003,1.001,1.004,PM10,
신장,전체신장질환,BMI_CAT2,1.003,1.002,1.004,PM10,
신장,전체신장질환,BMI_CAT9,1.002,1.001,1.003,PM10,
신장,전체신장질환,DM0,1.002,1.002,1.003,PM10,
신장,전체신장질환,DM1,1.003,1.001,1.004,PM10,
신장,전체신장질환,sex1,1.002,1.001,1.003,PM10,
신장,전체신장질환,sex2,1.003,1.002,1.004,PM10,
신장,전체신장질환,hyper0,1.002,1.002,1.003,PM10,
신장,전체신장질환,hyper1,1.002,1.001,1.004,PM10,
신장,전체신장질환,income3,1.002,1.002,1.003,PM10,
신장,전체신장질환,income1,1.003,1,1.006,PM10,0.0732
신장,전체신장질환,age650,1.002,1.002,1.003,PM10,
신장,전체신장질환,age651,1.002,1.001,1.004,PM10,
신장,전체신장질환,smk1,1.003,1.002,1.004,PM10,
신장,전체신장질환,smk3,1.002,1.001,1.004,PM10,
신장,전체신장질환,smk9,1.002,1.001,1.003,PM10,
신장,전체신장질환,BMI_CAT1,1.005,1.003,1.008,PM25,
신장,전체신장질환,BMI_CAT2,1.004,1.001,1.006,PM25,
신장,전체신장질환,BMI_CAT9,1.003,1.001,1.005,PM25,
신장,전체신장질환,DM0,1.004,1.002,1.005,PM25,
신장,전체신장질환,DM1,1.005,1.001,1.008,PM25,
신장,전체신장질환,sex1,1.003,1.001,1.005,PM25,
신장,전체신장질환,sex2,1.004,1.003,1.006,PM25,
신장,전체신장질환,hyper0,1.004,1.002,1.005,PM25,
신장,전체신장질환,hyper1,1.004,1.001,1.006,PM25,
신장,전체신장질환,income3,1.004,1.002,1.005,PM25,
신장,전체신장질환,income1,1.007,1.002,1.013,PM25,
신장,전체신장질환,age650,1.004,1.002,1.005,PM25,
신장,전체신장질환,age651,1.004,1.002,1.006,PM25,
신장,전체신장질환,smk1,1.005,1.003,1.007,PM25,
신장,전체신장질환,smk3,1.003,1,1.006,PM25,0.0231
신장,전체신장질환,smk9,1.003,1.001,1.005,PM25,
뇌졸중,뇌졸중(전체),Anticoagulant0,1,0.999,1.002,PM10,
뇌졸중,뇌졸중(전체),Anticoagulant1,0.996,0.984,1.008,PM10,
뇌졸중,뇌졸중(전체),Altzh0,1,0.999,1.002,PM10,
뇌졸중,뇌졸중(전체),Altzh1,0.991,0.979,1.003,PM10,
뇌졸중,뇌졸중(전체),Altzh0,1,0.999,1.002,PM10,
뇌졸중,뇌졸중(전체),Altzh1,0.991,0.979,1.003,PM10,
뇌졸중,뇌졸중(전체),Antiplatelet0,1,0.998,1.001,PM10,
뇌졸중,뇌졸중(전체),Antiplatelet1,1.002,0.999,1.006,PM10,
뇌졸중,뇌졸중(전체),BMI_CAT1,1.004,1,1.008,PM10,0.0298
뇌졸중,뇌졸중(전체),BMI_CAT2,1.001,0.998,1.004,PM10,
뇌졸중,뇌졸중(전체),BMI_CAT9,0.999,0.996,1.001,PM10,
뇌졸중,뇌졸중(전체),DM0,1,0.998,1.002,PM10,
뇌졸중,뇌졸중(전체),DM1,1.001,0.998,1.003,PM10,
뇌졸중,뇌졸중(전체),sex1,1,0.998,1.003,PM10,
뇌졸중,뇌졸중(전체),sex2,1,0.998,1.002,PM10,
뇌졸중,뇌졸중(전체),hyper0,1,0.997,1.003,PM10,
뇌졸중,뇌졸중(전체),hyper1,1,0.999,1.002,PM10,
뇌졸중,뇌졸중(전체),chr_kid0,1,0.999,1.002,PM10,
뇌졸중,뇌졸중(전체),chr_kid1,1.001,0.995,1.007,PM10,
뇌졸중,뇌졸중(전체),income3,1,0.999,1.002,PM10,
뇌졸중,뇌졸중(전체),income1,1,0.995,1.004,PM10,
뇌졸중,뇌졸중(전체),age650,0.999,0.996,1.001,PM10,
뇌졸중,뇌졸중(전체),age651,1.001,0.999,1.003,PM10,
뇌졸중,뇌졸중(전체),smk1,1.002,0.999,1.005,PM10,
뇌졸중,뇌졸중(전체),smk3,1.002,0.998,1.006,PM10,
뇌졸중,뇌졸중(전체),smk9,0.999,0.997,1.001,PM10,
뇌졸중,뇌졸중(전체),Anticoagulant0,0.999,0.996,1.002,PM25,
뇌졸중,뇌졸중(전체),Anticoagulant1,0.983,0.962,1.006,PM25,
뇌졸중,뇌졸중(전체),Altzh0,0.999,0.996,1.002,PM25,
뇌졸중,뇌졸중(전체),Altzh1,0.994,0.971,1.017,PM25,
뇌졸중,뇌졸중(전체),Antiplatelet0,0.998,0.995,1.002,PM25,
뇌졸중,뇌졸중(전체),Antiplatelet1,1.002,0.996,1.008,PM25,
뇌졸중,뇌졸중(전체),BMI_CAT1,1.006,1,1.013,PM25,0.0656
뇌졸중,뇌졸중(전체),BMI_CAT2,1.002,0.996,1.007,PM25,
뇌졸중,뇌졸중(전체),BMI_CAT9,0.995,0.99,0.999,PM25,
뇌졸중,뇌졸중(전체),DM0,0.997,0.993,1.001,PM25,
뇌졸중,뇌졸중(전체),DM1,1.002,0.998,1.007,PM25,
뇌졸중,뇌졸중(전체),sex1,1.001,0.996,1.005,PM25,
뇌졸중,뇌졸중(전체),sex2,0.997,0.993,1.002,PM25,
뇌졸중,뇌졸중(전체),hyper0,0.998,0.993,1.003,PM25,
뇌졸중,뇌졸중(전체),hyper1,1,0.996,1.003,PM25,
뇌졸중,뇌졸중(전체),chr_kid0,0.999,0.996,1.002,PM25,
뇌졸중,뇌졸중(전체),chr_kid1,1,0.989,1.012,PM25,
뇌졸중,뇌졸중(전체),income3,0.999,0.996,1.003,PM25,
뇌졸중,뇌졸중(전체),income1,0.995,0.986,1.004,PM25,
뇌졸중,뇌졸중(전체),age650,0.995,0.99,1,PM25,
뇌졸중,뇌졸중(전체),age651,1.001,0.997,1.005,PM25,
뇌졸중,뇌졸중(전체),smk1,1.002,0.997,1.008,PM25,
뇌졸중,뇌졸중(전체),smk3,1.005,0.998,1.012,PM25,
뇌졸중,뇌졸중(전체),smk9,0.995,0.99,0.999,PM25,
뇌졸중,허혈성뇌졸중,Anticoagulant0,1.002,1,1.004,PM10,0.0639
뇌졸중,허혈성뇌졸중,Anticoagulant1,0.997,0.982,1.012,PM10,
뇌졸중,허혈성뇌졸중,Altzh0,1.002,1,1.004,PM10,0.0723
뇌졸중,허혈성뇌졸중,Altzh1,1.001,0.985,1.017,PM10,
뇌졸중,허혈성뇌졸중,Antiplatelet0,1.001,0.999,1.004,PM10,
뇌졸중,허혈성뇌졸중,Antiplatelet1,1.003,0.999,1.007,PM10,
뇌졸중,허혈성뇌졸중,BMI_CAT1,1.004,0.999,1.009,PM10,
뇌졸중,허혈성뇌졸중,BMI_CAT2,1.004,1,1.007,PM10,0.0368
뇌졸중,허혈성뇌졸중,BMI_CAT9,1,0.997,1.003,PM10,
뇌졸중,허혈성뇌졸중,DM0,1.002,0.999,1.004,PM10,
뇌졸중,허혈성뇌졸중,DM1,1.002,0.999,1.005,PM10,
뇌졸중,허혈성뇌졸중,sex1,1.001,0.998,1.004,PM10,
뇌졸중,허혈성뇌졸중,sex2,1.003,1,1.005,PM10,0.0649
뇌졸중,허혈성뇌졸중,hyper0,1.002,0.999,1.006,PM10,
뇌졸중,허혈성뇌졸중,hyper1,1.002,0.999,1.004,PM10,
뇌졸중,허혈성뇌졸중,chr_kid0,1.002,1,1.004,PM10,0.0919
뇌졸중,허혈성뇌졸중,chr_kid1,1.002,0.995,1.01,PM10,
뇌졸중,허혈성뇌졸중,income3,1.002,1,1.004,PM10,0.0958
뇌졸중,허혈성뇌졸중,income1,1.002,0.996,1.008,PM10,
뇌졸중,허혈성뇌졸중,age650,0.999,0.996,1.003,PM10,
뇌졸중,허혈성뇌졸중,age651,1.003,1,1.005,PM10,0.0178
뇌졸중,허혈성뇌졸중,smk1,1.005,1.002,1.009,PM10,
뇌졸중,허혈성뇌졸중,smk3,1.002,0.997,1.006,PM10,
뇌졸중,허혈성뇌졸중,smk9,1,0.997,1.002,PM10,
뇌졸중,허혈성뇌졸중,Anticoagulant0,1.003,0.999,1.007,PM25,
뇌졸중,허혈성뇌졸중,Anticoagulant1,0.989,0.962,1.017,PM25,
뇌졸중,허혈성뇌졸중,Altzh0,1.003,0.999,1.007,PM25,
뇌졸중,허혈성뇌졸중,Altzh1,1.009,0.979,1.04,PM25,
뇌졸중,허혈성뇌졸중,Antiplatelet0,1.002,0.997,1.006,PM25,
뇌졸중,허혈성뇌졸중,Antiplatelet1,1.008,1,1.016,PM25,0.0576
뇌졸중,허혈성뇌졸중,BMI_CAT1,1.006,0.997,1.015,PM25,
뇌졸중,허혈성뇌졸중,BMI_CAT2,1.007,1,1.014,PM25,0.0397
뇌졸중,허혈성뇌졸중,BMI_CAT9,0.999,0.994,1.005,PM25,
뇌졸중,허혈성뇌졸중,DM0,1.001,0.996,1.006,PM25,
뇌졸중,허혈성뇌졸중,DM1,1.005,0.999,1.011,PM25,
뇌졸중,허혈성뇌졸중,sex1,1.002,0.997,1.008,PM25,
뇌졸중,허혈성뇌졸중,sex2,1.004,0.998,1.009,PM25,
뇌졸중,허혈성뇌졸중,hyper0,1.001,0.994,1.007,PM25,
뇌졸중,허혈성뇌졸중,hyper1,1.004,0.999,1.009,PM25,
뇌졸중,허혈성뇌졸중,chr_kid0,1.002,0.999,1.006,PM25,
뇌졸중,허혈성뇌졸중,chr_kid1,1.008,0.994,1.023,PM25,
뇌졸중,허혈성뇌졸중,income3,1.003,0.999,1.007,PM25,
뇌졸중,허혈성뇌졸중,income1,1.003,0.991,1.015,PM25,
뇌졸중,허혈성뇌졸중,age650,0.998,0.991,1.005,PM25,
뇌졸중,허혈성뇌졸중,age651,1.005,1,1.009,PM25,
뇌졸중,허혈성뇌졸중,smk1,1.009,1.002,1.015,PM25,
뇌졸중,허혈성뇌졸중,smk3,1.004,0.995,1.012,PM25,
뇌졸중,허혈성뇌졸중,smk9,0.999,0.993,1.004,PM25,
뇌졸중,출혈성뇌졸중,Anticoagulant0,0.993,0.989,0.996,PM10,
뇌졸중,출혈성뇌졸중,Anticoagulant1,0.999,0.968,1.03,PM10,
뇌졸중,출혈성뇌졸중,Altzh0,0.993,0.989,0.996,PM10,
뇌졸중,출혈성뇌졸중,Altzh1,0.977,0.944,1.011,PM10,
뇌졸중,출혈성뇌졸중,Antiplatelet0,0.992,0.988,0.996,PM10,
뇌졸중,출혈성뇌졸중,Antiplatelet1,0.999,0.989,1.008,PM10,
뇌졸중,출혈성뇌졸중,BMI_CAT1,1,0.992,1.008,PM10,
뇌졸중,출혈성뇌졸중,BMI_CAT2,0.99,0.984,0.997,PM10,
뇌졸중,출혈성뇌졸중,BMI_CAT9,0.991,0.986,0.996,PM10,
뇌졸중,출혈성뇌졸중,DM0,0.993,0.989,0.997,PM10,
뇌졸중,출혈성뇌졸중,DM1,0.993,0.986,0.999,PM10,
뇌졸중,출혈성뇌졸중,sex1,0.994,0.989,0.999,PM10,
뇌졸중,출혈성뇌졸중,sex2,0.991,0.986,0.996,PM10,
뇌졸중,출혈성뇌졸중,hyper0,0.992,0.986,0.998,PM10,
뇌졸중,출혈성뇌졸중,hyper1,0.993,0.989,0.998,PM10,
뇌졸중,출혈성뇌졸중,chr_kid0,0.993,0.989,0.996,PM10,
뇌졸중,출혈성뇌졸중,chr_kid1,0.994,0.98,1.009,PM10,
뇌졸중,출혈성뇌졸중,income3,0.993,0.989,0.997,PM10,
뇌졸중,출혈성뇌졸중,income1,0.987,0.974,1,PM10,
뇌졸중,출혈성뇌졸중,age650,0.997,0.992,1.002,PM10,
뇌졸중,출혈성뇌졸중,age651,0.989,0.984,0.994,PM10,
뇌졸중,출혈성뇌졸중,smk1,0.991,0.985,0.998,PM10,
뇌졸중,출혈성뇌졸중,smk3,0.999,0.991,1.008,PM10,
뇌졸중,출혈성뇌졸중,smk9,0.992,0.987,0.996,PM10,
뇌졸중,출혈성뇌졸중,Anticoagulant0,0.982,0.975,0.988,PM25,
뇌졸중,출혈성뇌졸중,Anticoagulant1,0.999,0.944,1.057,PM25,
뇌졸중,출혈성뇌졸중,Altzh0,0.982,0.975,0.989,PM25,
뇌졸중,출혈성뇌졸중,Altzh1,0.957,0.896,1.022,PM25,
뇌졸중,출혈성뇌졸중,Antiplatelet0,0.981,0.974,0.989,PM25,
뇌졸중,출혈성뇌졸중,Antiplatelet1,0.984,0.967,1.002,PM25,
뇌졸중,출혈성뇌졸중,BMI_CAT1,1.001,0.986,1.016,PM25,
뇌졸중,출혈성뇌졸중,BMI_CAT2,0.975,0.963,0.987,PM25,
뇌졸중,출혈성뇌졸중,BMI_CAT9,0.978,0.969,0.988,PM25,
뇌졸중,출혈성뇌졸중,DM0,0.98,0.972,0.988,PM25,
뇌졸중,출혈성뇌졸중,DM1,0.987,0.974,1,PM25,
뇌졸중,출혈성뇌졸중,sex1,0.987,0.977,0.997,PM25,
뇌졸중,출혈성뇌졸중,sex2,0.977,0.967,0.986,PM25,
뇌졸중,출혈성뇌졸중,hyper0,0.98,0.969,0.992,PM25,
뇌졸중,출혈성뇌졸중,hyper1,0.983,0.974,0.991,PM25,
뇌졸중,출혈성뇌졸중,chr_kid0,0.982,0.975,0.989,PM25,
뇌졸중,출혈성뇌졸중,chr_kid1,0.977,0.95,1.005,PM25,
뇌졸중,출혈성뇌졸중,income1,0.977,0.953,1.001,PM25,
뇌졸중,출혈성뇌졸중,income3,0.982,0.975,0.989,PM25,
뇌졸중,출혈성뇌졸중,age650,0.987,0.977,0.997,PM25,
뇌졸중,출혈성뇌졸중,age651,0.977,0.968,0.987,PM25,
뇌졸중,출혈성뇌졸중,smk1,0.976,0.964,0.988,PM25,
뇌졸중,출혈성뇌졸중,smk3,1.003,0.987,1.02,PM25,
뇌졸중,출혈성뇌졸중,smk9,0.979,0.969,0.988,PM25,
안과,망막동맥폐쇄,age650,1.007,0.982,1.032,PM25,
안과,망막동맥폐쇄,age651,0.994,0.975,1.014,PM25,
안과,망막동맥폐쇄,sex1,0.989,0.969,1.009,PM25,
안과,망막동맥폐쇄,sex2,1.012,0.989,1.036,PM25,
안과,망막동맥폐쇄,income3,0.993,0.977,1.009,PM25,
안과,망막동맥폐쇄,income1,1.07,1.013,1.13,PM25,
안과,망막동맥폐쇄,age650,0.997,0.983,1.011,pm10,
안과,망막동맥폐쇄,age651,0.997,0.986,1.008,pm10,
안과,망막동맥폐쇄,sex1,0.993,0.982,1.005,pm10,
안과,망막동맥폐쇄,sex2,1.002,0.989,1.016,pm10,
안과,망막동맥폐쇄,income3,0.994,0.985,1.003,pm10,
안과,망막동맥폐쇄,income1,1.033,1.003,1.064,pm10,
안과,망막정맥폐쇄,age650,1.008,1,1.016,PM25,0.064
안과,망막정맥폐쇄,age651,1.015,1.007,1.022,PM25,
안과,망막정맥폐쇄,sex1,1.009,1,1.017,PM25,0.0455
안과,망막정맥폐쇄,sex2,1.014,1.006,1.022,PM25,
안과,망막정맥폐쇄,income3,1.011,1.005,1.017,PM25,
안과,망막정맥폐쇄,income1,1.022,1.002,1.043,PM25,
안과,망막정맥폐쇄,age650,1.004,1,1.009,pm10,0.0626
안과,망막정맥폐쇄,age651,1.006,1.002,1.01,pm10,
안과,망막정맥폐쇄,sex1,1.004,1,1.009,pm10,0.0635
안과,망막정맥폐쇄,sex2,1.006,1.002,1.01,pm10,
안과,망막정맥폐쇄,income3,1.005,1.002,1.008,pm10,
안과,망막정맥폐쇄,income1,1.013,1.003,1.024,pm10,
안과,비감염성전방포도막염,age650,1.001,0.997,1.005,pm10,
안과,비감염성전방포도막염,age651,1.005,1.001,1.009,pm10,
안과,비감염성전방포도막염,income10,1.003,1,1.006,pm10,0.0619
안과,비감염성전방포도막염,income11,1.008,0.996,1.021,pm10,
안과,비감염성전방포도막염,sex_type0,1.002,0.998,1.006,pm10,
안과,비감염성전방포도막염,sex_type1,1.004,1,1.008,pm10,0.0428
안과,비감염성전방포도막염,age650,1,0.993,1.008,pm25,
안과,비감염성전방포도막염,age651,1.01,1.003,1.017,pm25,
안과,비감염성전방포도막염,income10,1.005,1,1.011,pm25,0.0462
안과,비감염성전방포도막염,income11,1.014,0.991,1.037,pm25,
안과,비감염성전방포도막염,sex_type0,1.001,0.993,1.009,pm25,
안과,비감염성전방포도막염,sex_type1,1.01,1.003,1.018,pm25,
안과,비감염성비전방포도막염,age650,1.012,1.003,1.021,pm10,
안과,비감염성비전방포도막염,age651,0.997,0.986,1.008,pm10,
안과,비감염성비전방포도막염,income10,1.006,0.999,1.013,pm10,
안과,비감염성비전방포도막염,income11,0.999,0.969,1.03,pm10,
안과,비감염성비전방포도막염,sex_type0,1.007,0.996,1.017,pm10,
안과,비감염성비전방포도막염,sex_type1,1.005,0.995,1.015,pm10,
안과,비감염성비전방포도막염,age650,1.021,1.005,1.037,pm25,
안과,비감염성비전방포도막염,age651,0.998,0.98,1.017,pm25,
안과,비감염성비전방포도막염,income10,1.012,1,1.025,pm25,0.0581
안과,비감염성비전방포도막염,income11,1,0.952,1.052,pm25,
안과,비감염성비전방포도막염,sex_type0,1.01,0.992,1.029,pm25,
안과,비감염성비전방포도막염,sex_type1,1.012,0.996,1.029,pm25,
안과,비감염성공막염,age650,1.003,0.999,1.007,pm10,
안과,비감염성공막염,age651,1.006,1.002,1.01,pm10,
안과,비감염성공막염,income10,1.004,1.001,1.007,pm10,
안과,비감염성공막염,income11,1.009,0.997,1.021,pm10,
안과,비감염성공막염,sex_type0,1.005,1.001,1.008,pm10,
안과,비감염성공막염,sex_type1,1.004,1,1.008,pm10,0.0278
안과,비감염성공막염,age650,1.002,0.995,1.01,pm25,
안과,비감염성공막염,age651,1.013,1.006,1.02,pm25,
안과,비감염성공막염,income10,1.008,1.003,1.013,pm25,
안과,비감염성공막염,income11,1.013,0.992,1.035,pm25,
안과,비감염성공막염,sex_type0,1.005,0.998,1.012,pm25,
안과,비감염성공막염,sex_type1,1.011,1.004,1.018,pm25,
안과,비감염성공막염,age650,1.003,0.994,1.013,pm10,
안과,비감염성공막염,age651,1.009,0.995,1.023,pm10,
안과,비감염성공막염,income10,1.005,0.997,1.013,pm10,
안과,비감염성공막염,income11,1.013,0.973,1.055,pm10,
안과,비감염성공막염,sex_type0,1.011,0.999,1.023,pm10,
안과,비감염성공막염,sex_type1,1.001,0.99,1.011,pm10,
안과,비감염성공막염,age650,1.004,0.987,1.021,pm25,
안과,비감염성공막염,age651,1.022,0.997,1.048,pm25,
안과,비감염성공막염,income10,1.009,0.995,1.024,pm25,
안과,비감염성공막염,income11,1.029,0.956,1.108,pm25,
안과,비감염성공막염,sex_type0,1.018,0.996,1.04,pm25,
안과,비감염성공막염,sex_type1,1.004,0.985,1.023,pm25,
안과,안구건조증,age650,1.013,1.01,1.015,PM25,
안과,안구건조증,age651,1.017,1.014,1.02,PM25,
안과,안구건조증,sex1,1.006,1.003,1.01,PM25,
안과,안구건조증,sex2,1.019,1.017,1.022,PM25,
안과,안구건조증,income3,1.014,1.012,1.016,PM25,
안과,안구건조증,income1,1.024,1.016,1.033,PM25,
안과,안구건조증,age650,1.006,1.005,1.007,pm10,
안과,안구건조증,age651,1.008,1.006,1.009,pm10,
안과,안구건조증,sex1,1.003,1.002,1.005,pm10,
안과,안구건조증,sex2,1.008,1.007,1.01,pm10,
안과,안구건조증,income3,1.006,1.005,1.007,pm10,
안과,안구건조증,income1,1.011,1.007,1.015,pm10,
안과,알레르기성결막염,sex2,1.005,1.004,1.006,PM10,
안과,알레르기성결막염,sex1,1.001,0.999,1.003,PM10,
안과,알레르기성결막염,income1,1.009,1.004,1.014,PM10,
안과,알레르기성결막염,income3,1.003,1.001,1.004,PM10,
안과,알레르기성결막염,age651,1.006,1.004,1.008,PM10,
안과,알레르기성결막염,age650,1.002,1.001,1.004,PM10,
안과,알레르기성결막염,sex2,1.011,1.008,1.014,PM25,
안과,알레르기성결막염,sex1,0.998,0.995,1.002,PM25,
안과,알레르기성결막염,income1,1.015,1.005,1.025,PM25,
안과,알레르기성결막염,income3,1.006,1.004,1.008,PM25,
안과,알레르기성결막염,age651,1.012,1.008,1.016,PM25,
안과,알레르기성결막염,age650,1.005,1.002,1.007,PM25,
안과,안검염,age650,1.008,1.006,1.01,PM25,
안과,안검염,age651,1.017,1.014,1.019,PM25,
안과,안검염,sex1,1.005,1.003,1.007,PM25,
안과,안검염,sex2,1.015,1.013,1.017,PM25,
안과,안검염,income3,1.01,1.008,1.012,PM25,
안과,안검염,income1,1.024,1.016,1.031,PM25,
안과,안검염,age650,1.004,1.003,1.005,pm10,
안과,안검염,age651,1.008,1.007,1.01,pm10,
안과,안검염,sex1,1.003,1.002,1.005,pm10,
안과,안검염,sex2,1.007,1.006,1.008,pm10,
안과,안검염,income3,1.005,1.004,1.006,pm10,
안과,안검염,income1,1.011,1.007,1.015,pm10,
안과,백내장,age650,1.006,0.999,1.014,PM25,
안과,백내장,age651,1.012,1.008,1.017,PM25,
안과,백내장,sex1,1.014,1.008,1.02,PM25,
안과,백내장,sex2,1.009,1.003,1.014,PM25,
안과,백내장,income3,1.011,1.006,1.015,PM25,
안과,백내장,income1,1.011,1.002,1.021,PM25,
안과,백내장,age650,1.001,0.997,1.005,pm10,
안과,백내장,age651,1.004,1.002,1.007,pm10,
안과,백내장,sex1,1.005,1.002,1.009,pm10,
안과,백내장,sex2,1.002,1,1.005,pm10,0.0919
안과,백내장,income3,1.003,1.001,1.006,pm10,
안과,백내장,income1,1.004,0.999,1.009,pm10,